id,f_name,l_name,email,phone,prop_id
1,Clemente,Roblin,croblin0@goo.ne.jp,637 588 5703,3
2,Pattin,Parmby,pparmby1@vinaora.com,527 850 4549,7
3,Yehudit,Covet,ycovet2@unicef.org,328 884 3773,14
4,Brana,Cleife,bcleife3@columbia.edu,168 430 6854,76
5,Dalia,Shoobridge,dshoobridge4@goodreads.com,763 936 8060,18
6,Nancee,Forestel,nforestel5@google.ru,399 514 1063,15
7,Jojo,Backshall,jbackshall6@deliciousdays.com,703 721 3762,143
8,Retha,Harmston,rharmston7@pagesperso-orange.fr,280 666 5967,113
9,Annabal,Braybrooks,abraybrooks8@smugmug.com,699 811 8805,31
10,Bel,Loudwell,bloudwell9@desdev.cn,701 871 8503,78
11,Jolyn,McLane,jmclanea@instagram.com,460 173 7982,44
12,Bartel,Tace,btaceb@bbc.co.uk,224 133 4440,40
13,Graig,Gymblett,ggymblettc@netlog.com,743 912 2533,128
14,Tracey,Pooke,tpooked@tmall.com,380 853 5549,135
15,Carce,Cleen,ccleene@uol.com.br,145 976 5690,102
16,Archie,Vaudre,avaudref@example.com,723 257 3966,43
17,Brodie,Rideout,brideoutg@businessweek.com,587 166 0757,140
18,Evelina,Spinige,espinigeh@naver.com,439 499 2834,77
19,Nerte,Merioth,nmeriothi@cisco.com,983 812 5000,7
20,Warden,Coldrick,wcoldrickj@indiatimes.com,816 428 7769,130
21,Ewart,Cheves,echevesk@webs.com,287 377 5520,46
22,Cole,Ivantsov,civantsovl@angelfire.com,323 154 4745,89
23,Karil,Matthisson,kmatthissonm@webnode.com,974 798 7210,48
24,Estrella,Gilfether,egilfethern@cdbaby.com,629 944 8816,43
25,Bianka,MacCumiskey,bmaccumiskeyo@163.com,280 173 1522,129
26,Carita,Odom,codomp@is.gd,797 432 2950,56
27,Salim,Jeanenet,sjeanenetq@vimeo.com,314 694 9726,35
28,Tracie,de Verson,tdeversonr@ycombinator.com,388 693 4675,38
29,Blinni,Nystrom,bnystroms@bloglines.com,897 978 5334,126
30,Tana,Cawley,tcawleyt@paypal.com,892 483 5115,122
31,Jerrold,Traviss,jtravissu@cam.ac.uk,303 222 8054,48
32,Tiphani,Bexley,tbexleyv@tumblr.com,475 635 9072,1
33,Allison,Tebbit,atebbitw@home.pl,623 469 3888,36
34,Marj,Belham,mbelhamx@constantcontact.com,972 648 0305,6
35,Gracia,Dyerson,gdyersony@amazonaws.com,120 473 4942,16
36,Terence,Bradane,tbradanez@mlb.com,260 946 1682,110
37,Lindsy,Gariff,lgariff10@who.int,403 453 9868,46
38,Ronica,Wingfield,rwingfield11@macromedia.com,501 521 6497,9
39,Benedikta,Souness,bsouness12@npr.org,673 431 8131,70
40,Ahmed,Donner,adonner13@mlb.com,622 259 2300,39
41,Jody,Ricson,jricson14@sohu.com,373 279 7915,99
42,Elvina,Pond,epond15@shinystat.com,878 410 2609,11
43,Kean,Manville,kmanville16@cloudflare.com,358 747 1320,72
44,Dolly,Madle,dmadle17@aol.com,221 599 7034,8
45,Pollyanna,Dukelow,pdukelow18@alibaba.com,718 937 7419,147
46,Consalve,Perrot,cperrot19@xinhuanet.com,307 413 0282,101
47,Guthry,Walkingshaw,gwalkingshaw1a@topsy.com,779 295 2097,17
48,Newton,Jillions,njillions1b@bigcartel.com,316 333 3432,24
49,Helen,Sutcliff,hsutcliff1c@github.io,721 528 9622,104
50,Ralph,Wardle,rwardle1d@cam.ac.uk,919 688 9378,37
51,Cherianne,Felstead,cfelstead1e@tinyurl.com,134 941 1387,5
52,Wilton,Ibarra,wibarra1f@mapquest.com,978 501 7103,120
53,Adaline,Dyne,adyne1g@unblog.fr,968 561 9870,110
54,Harlene,Reef,hreef1h@sphinn.com,622 636 8262,39
55,Maryanna,Feaviour,mfeaviour1i@php.net,565 474 4042,11
56,Ertha,Kegan,ekegan1j@spiegel.de,395 519 7930,134
57,Jacob,Birmingham,jbirmingham1k@phpbb.com,966 747 4104,80
58,Dyan,Lamb-shine,dlambshine1l@nature.com,961 664 7344,8
59,Tonie,Garvey,tgarvey1m@meetup.com,595 447 3369,89
60,Steffen,Bazoge,sbazoge1n@chicagotribune.com,626 750 4675,41
61,Roy,Collop,rcollop1o@prlog.org,829 205 5795,87
62,Aubrey,Casburn,acasburn1p@patch.com,925 367 7461,91
63,Katinka,Chasson,kchasson1q@google.com.hk,945 383 2751,67
64,Elmira,Pethybridge,epethybridge1r@smh.com.au,796 880 0522,115
65,Gigi,Apfelmann,gapfelmann1s@lycos.com,206 736 8369,2
66,Ina,Oliva,ioliva1t@dot.gov,852 167 3161,26
67,Farah,Alasdair,falasdair1u@mit.edu,290 956 2393,8
68,Rouvin,Kier,rkier1v@noaa.gov,261 111 1908,72
69,Randell,Lightbowne,rlightbowne1w@delicious.com,492 264 5796,95
70,Jorge,Heistermann,jheistermann1x@dion.ne.jp,785 831 2936,45
71,Si,Keasey,skeasey1y@senate.gov,755 684 4355,20
72,Gill,Neilan,gneilan1z@google.de,785 927 5735,131
73,Hilde,Wallicker,hwallicker20@yolasite.com,458 417 6824,141
74,Joeann,Sawer,jsawer21@narod.ru,361 794 7000,42
75,Maybelle,Feaks,mfeaks22@booking.com,330 906 2890,28
76,Neysa,Bugg,nbugg23@hostgator.com,781 637 6455,3
77,Imojean,Burniston,iburniston24@barnesandnoble.com,610 201 8577,83
78,Linoel,Mersh,lmersh25@google.it,135 398 7422,96
79,Tanny,Dicey,tdicey26@phpbb.com,733 567 7228,103
80,Meridel,Gregs,mgregs27@nhs.uk,818 981 4128,146
81,Martita,Burril,mburril28@surveymonkey.com,917 884 8699,126
82,Daphene,Bachman,dbachman29@unc.edu,235 594 0857,138
83,Ailee,Alexsandrov,aalexsandrov2a@ycombinator.com,488 674 9683,84
84,Yetta,Shellum,yshellum2b@fotki.com,550 981 9376,86
85,Gaylord,Bingell,gbingell2c@msn.com,685 339 3190,96
86,Carilyn,Dibb,cdibb2d@patch.com,202 232 0195,100
87,Bron,O'Boyle,boboyle2e@comcast.net,942 444 4883,19
88,Cecily,Blanko,cblanko2f@slashdot.org,445 997 4770,9
89,Marne,Canadine,mcanadine2g@springer.com,795 825 2230,36
90,Fayth,Lunam,flunam2h@usatoday.com,461 303 8819,2
91,Isadore,Hambidge,ihambidge2i@pagesperso-orange.fr,134 704 7671,9
92,Selle,Wilmore,swilmore2j@prlog.org,339 392 0053,130
93,Kit,Silverton,ksilverton2k@tiny.cc,439 233 5757,71
94,Nicolas,MacSkeaghan,nmacskeaghan2l@scientificamerican.com,928 639 4053,123
95,Carlyn,Haulkham,chaulkham2m@sakura.ne.jp,752 842 0134,14
96,Anet,Sheron,asheron2n@is.gd,832 747 7971,139
97,Malvin,Luscott,mluscott2o@nymag.com,371 214 2462,18
98,Tedra,Murgatroyd,tmurgatroyd2p@bloglines.com,647 553 0430,96
99,Jobina,St Ange,jstange2q@so-net.ne.jp,268 714 2368,146
100,Culver,Gregh,cgregh2r@virginia.edu,155 883 1520,62
101,Emery,Duffie,eduffie2s@meetup.com,128 535 5357,7
102,Dugald,Pilipets,dpilipets2t@creativecommons.org,128 400 0967,79
103,Linnell,Jowsey,ljowsey2u@rediff.com,177 958 0782,90
104,Lawrence,Grayne,lgrayne2v@bbb.org,922 805 3647,123
105,Ellerey,Girt,egirt2w@xing.com,513 305 8525,48
106,Lorette,Bilbie,lbilbie2x@networksolutions.com,830 783 6141,119
107,Earvin,Rouge,erouge2y@photobucket.com,403 871 1952,147
108,Henrietta,Gollop,hgollop2z@topsy.com,292 319 8173,8
109,Lexy,Campione,lcampione30@irs.gov,333 662 5464,45
110,Nanice,Klus,nklus31@craigslist.org,428 397 1015,116
111,Rosabelle,Harron,rharron32@hao123.com,703 548 9506,60
112,Anneliese,Crossthwaite,acrossthwaite33@ft.com,508 844 7171,90
113,Pebrook,Ditt,pditt34@google.ru,176 961 4564,39
114,Marika,Shervil,mshervil35@ca.gov,207 426 1677,50
115,Ichabod,McReath,imcreath36@cbsnews.com,713 166 7756,83
116,Marybeth,Canland,mcanland37@over-blog.com,679 451 4612,63
117,Lenora,Jest,ljest38@weibo.com,936 742 8800,18
118,Ainslie,Habershaw,ahabershaw39@g.co,399 304 7824,11
119,Robby,Dally,rdally3a@eepurl.com,573 141 6934,111
120,Ardelle,Shearsby,ashearsby3b@ehow.com,553 671 6295,131
121,Royall,Kunath,rkunath3c@irs.gov,680 987 3889,76
122,Valeria,Jacklings,vjacklings3d@infoseek.co.jp,991 347 4112,80
123,Margery,Spohrmann,mspohrmann3e@webs.com,554 717 5702,9
124,Melessa,Braffington,mbraffington3f@mapy.cz,524 376 7092,52
125,Marylinda,Dearle-Palser,mdearlepalser3g@alexa.com,708 921 5827,114
126,Deidre,Van Dijk,dvandijk3h@mayoclinic.com,804 474 2691,38
127,Blondy,Stonham,bstonham3i@tinypic.com,138 513 0742,17
128,Jacki,Bryce,jbryce3j@cnet.com,677 654 8561,63
129,Gwenora,Jesse,gjesse3k@mit.edu,241 874 8842,13
130,Rowland,Jay,rjay3l@cbsnews.com,673 977 6526,86
131,Kenneth,Rozycki,krozycki3m@bbb.org,292 582 9239,114
132,Dar,Peterson,dpeterson3n@google.com.au,809 644 2126,89
133,Vina,Featenby,vfeatenby3o@msn.com,330 669 2033,25
134,Selma,Roback,sroback3p@example.com,767 180 6926,146
135,Nicol,Wagen,nwagen3q@springer.com,768 577 5852,82
136,Gretchen,Lamey,glamey3r@bluehost.com,284 969 0843,129
137,Lucie,Dorrance,ldorrance3s@google.ca,219 234 9932,37
138,Veradis,Bourgour,vbourgour3t@sbwire.com,586 287 4836,106
139,Kermit,Warret,kwarret3u@scribd.com,856 124 8035,88
140,Dalt,Essex,dessex3v@state.gov,300 693 7229,4
141,Lorry,Greenroyd,lgreenroyd3w@salon.com,852 177 6472,51
142,Reamonn,Aireton,raireton3x@scribd.com,375 613 2007,139
143,Dani,Clemmitt,dclemmitt3y@scientificamerican.com,769 568 1199,85
144,Maryellen,Lumm,mlumm3z@google.co.jp,472 160 0587,14
145,Jarib,Rozalski,jrozalski40@earthlink.net,728 627 5563,18
146,Desirae,Hendin,dhendin41@jimdo.com,527 501 6083,1
147,Elyssa,Fuchs,efuchs42@toplist.cz,397 240 0386,85
148,Lauritz,Wimms,lwimms43@blogtalkradio.com,608 246 0971,104
149,Drugi,Downie,ddownie44@amazon.de,399 507 3493,94
150,Bryana,Alenin,balenin45@xing.com,870 970 8271,110
151,Reeva,Margram,rmargram46@ft.com,777 111 2562,7
152,Myrtle,Gontier,mgontier47@wiley.com,266 978 1713,88
153,Jobye,Nizet,jnizet48@storify.com,303 915 0498,95
154,Elliot,Londesborough,elondesborough49@constantcontact.com,591 931 5619,94
155,Linus,Coad,lcoad4a@arizona.edu,155 523 7155,20
156,Adriaens,Trousdale,atrousdale4b@blinklist.com,425 139 6984,68
157,Tony,Degg,tdegg4c@artisteer.com,671 230 4533,15
158,Algernon,Housbie,ahousbie4d@clickbank.net,930 154 7210,23
159,Gwenora,Pinn,gpinn4e@zdnet.com,522 333 7626,16
160,Billie,Seiler,bseiler4f@noaa.gov,892 646 4838,26
161,Kenyon,Salvatore,ksalvatore4g@jigsy.com,251 164 1255,49
162,Dorelle,Yarrington,dyarrington4h@joomla.org,836 477 2735,8
163,Allegra,Hoffner,ahoffner4i@yelp.com,821 449 2017,8
164,Aldric,Frift,afrift4j@scientificamerican.com,723 128 4296,139
165,Lucien,O'Doohaine,lodoohaine4k@cmu.edu,948 703 5522,1
166,Bridie,Lackinton,blackinton4l@weebly.com,886 352 5327,81
167,Hinda,Sopp,hsopp4m@zdnet.com,936 371 1095,6
168,Gena,MacRitchie,gmacritchie4n@seattletimes.com,294 741 9270,15
169,Corabelle,Filchakov,cfilchakov4o@tinypic.com,991 329 6781,62
170,Lance,Girogetti,lgirogetti4p@networksolutions.com,944 860 8662,45
171,Morgen,Scay,mscay4q@slashdot.org,601 267 8420,135
172,Benjy,Netting,bnetting4r@discuz.net,761 155 9692,114
173,Yuri,Toping,ytoping4s@chicagotribune.com,957 663 5505,145
174,Eugenie,Wann,ewann4t@dmoz.org,478 723 1659,107
175,Ruddy,GiacobbiniJacob,rgiacobbinijacob4u@msn.com,574 486 3340,140
176,Tibold,Hayball,thayball4v@gmpg.org,504 924 9092,10
177,Gabrila,Itzig,gitzig4w@360.cn,491 332 1166,103
178,Juliet,Ney,jney4x@weather.com,367 360 9680,88
179,Constantina,Krause,ckrause4y@miitbeian.gov.cn,340 988 6780,120
180,Karon,Scruby,kscruby4z@slashdot.org,171 473 3847,21
181,Maria,Spyvye,mspyvye50@github.com,595 585 2001,140
182,Sanford,Wakeham,swakeham51@harvard.edu,120 955 0082,24
183,Jodee,Erratt,jerratt52@umn.edu,102 398 8158,27
184,Pembroke,Chimenti,pchimenti53@nationalgeographic.com,597 327 9689,71
185,Tonia,Jebb,tjebb54@theatlantic.com,389 639 8009,76
186,Schuyler,Gaspero,sgaspero55@sciencedaily.com,814 780 2612,19
187,Andy,Totterdill,atotterdill56@google.com.br,191 430 9022,72
188,Luisa,Blackway,lblackway57@bloglines.com,121 895 3313,8
189,Harmonie,Kristiansen,hkristiansen58@europa.eu,618 736 3215,4
190,Templeton,Betty,tbetty59@merriam-webster.com,301 676 4074,20
191,Kassi,Sprigings,ksprigings5a@merriam-webster.com,751 627 2595,22
192,Lyndy,Carlick,lcarlick5b@wordpress.com,279 212 3289,4
193,Monty,Farrears,mfarrears5c@cargocollective.com,705 627 5456,14
194,Teddi,Wickersham,twickersham5d@opera.com,105 285 3116,55
195,Cora,Walcar,cwalcar5e@japanpost.jp,409 137 6279,25
196,Byrann,Mapston,bmapston5f@google.ru,386 693 5247,96
197,Geralda,Eul,geul5g@php.net,307 162 7881,148
198,Georgina,Peinton,gpeinton5h@purevolume.com,211 936 5793,50
199,Cirilo,Crookshanks,ccrookshanks5i@cbslocal.com,285 811 2982,15
200,Meryl,Okroy,mokroy5j@xrea.com,318 792 3518,147
201,Davidson,Casone,dcasone5k@hugedomains.com,249 433 2866,127
202,Margaretha,Boik,mboik5l@bigcartel.com,962 426 0921,95
203,Val,Grimes,vgrimes5m@tripadvisor.com,112 867 6088,32
204,Ragnar,Trahmel,rtrahmel5n@boston.com,754 787 8352,54
205,Dode,Carlens,dcarlens5o@skype.com,676 607 7701,112
206,Dierdre,Shanks,dshanks5p@yandex.ru,665 392 6419,15
207,Chane,Coleiro,ccoleiro5q@dropbox.com,441 850 3898,94
208,Agnese,Joncic,ajoncic5r@nasa.gov,755 864 3579,73
209,Jsandye,Bengoechea,jbengoechea5s@tamu.edu,904 532 5356,147
210,Forster,Kardos,fkardos5t@arizona.edu,623 566 7308,15
211,Sherye,Shrawley,sshrawley5u@chronoengine.com,938 243 6557,146
212,Georgianne,Aubri,gaubri5v@salon.com,830 148 3262,116
213,Farlie,Cadamy,fcadamy5w@stumbleupon.com,398 154 4385,83
214,Fulvia,Skeates,fskeates5x@ebay.com,167 403 3389,136
215,Alexandre,Donnel,adonnel5y@google.com.au,361 388 1924,81
216,Blakeley,Lamplugh,blamplugh5z@spiegel.de,295 631 7181,16
217,Bernarr,Leap,bleap60@google.fr,354 478 2576,104
218,Fayth,Gabotti,fgabotti61@bbb.org,481 718 5948,51
219,Felic,O'Dyvoie,fodyvoie62@yellowbook.com,799 709 1704,12
220,Jeralee,Prowting,jprowting63@gmpg.org,977 207 3887,103
221,Clementius,Sotheby,csotheby64@si.edu,460 180 4380,56
222,Engracia,Giddens,egiddens65@i2i.jp,493 900 0479,71
223,Dane,Ashtonhurst,dashtonhurst66@taobao.com,218 996 2481,96
224,Jane,Burlay,jburlay67@techcrunch.com,796 142 1081,15
225,Percy,MacColm,pmaccolm68@bigcartel.com,406 267 5139,11
226,Hope,Gabbitus,hgabbitus69@simplemachines.org,584 683 9596,148
227,Shayne,Phayre,sphayre6a@mac.com,544 931 4364,8
228,Bibi,Peers,bpeers6b@wordpress.org,705 222 5952,90
229,Harlin,Goodwill,hgoodwill6c@odnoklassniki.ru,229 401 9782,78
230,Hestia,Orvis,horvis6d@epa.gov,202 905 1033,37
231,Susanna,Braycotton,sbraycotton6e@wordpress.org,339 784 2638,19
232,Laverna,Darycott,ldarycott6f@furl.net,870 246 8048,3
233,Emilee,Arbon,earbon6g@cornell.edu,371 355 8328,126
234,Greta,Broadnicke,gbroadnicke6h@theguardian.com,303 507 8197,61
235,Evey,Hayers,ehayers6i@ucoz.com,288 503 7381,37
236,Eadie,Sherbourne,esherbourne6j@shop-pro.jp,151 873 8527,126
237,Debbie,Felgate,dfelgate6k@lycos.com,803 502 5853,74
238,Kimberlee,Van,kvan6l@constantcontact.com,276 286 0559,61
239,Dasie,Plowright,dplowright6m@newyorker.com,757 288 7662,149
240,Prinz,Sieb,psieb6n@usatoday.com,463 396 3490,108
241,Marya,Morant,mmorant6o@nytimes.com,742 842 6535,116
242,Yale,Craigg,ycraigg6p@joomla.org,518 903 4459,37
243,Ursuline,Lehr,ulehr6q@msu.edu,901 384 8195,45
244,Basil,Duxfield,bduxfield6r@flavors.me,973 841 2963,8
245,Mile,Jelly,mjelly6s@princeton.edu,930 253 0538,20
246,Sheila-kathryn,Sisey,ssisey6t@etsy.com,473 831 1058,145
247,Terese,Wilsher,twilsher6u@businessinsider.com,206 560 0577,57
248,Brita,Toombes,btoombes6v@chicagotribune.com,700 109 7304,25
249,Edik,Bogart,ebogart6w@gnu.org,227 620 7053,4
250,Rafa,Asquez,rasquez6x@google.com.br,318 334 4920,136
251,Annelise,Dobney,adobney6y@eepurl.com,640 984 6278,127
252,Dud,Krolle,dkrolle6z@eventbrite.com,192 129 5212,117
253,Gabriella,Melsome,gmelsome70@squarespace.com,303 792 4534,133
254,Roseline,Flavelle,rflavelle71@deliciousdays.com,923 893 3093,23
255,Phedra,D'Enrico,pdenrico72@acquirethisname.com,561 848 6772,36
256,Ursala,Thorington,uthorington73@fc2.com,427 925 2310,58
257,Emlyn,McCreary,emccreary74@google.com.hk,869 399 1272,70
258,Alexandro,Brickham,abrickham75@goodreads.com,924 864 2139,101
259,Issy,Tarplee,itarplee76@qq.com,219 408 8528,23
260,Stanley,Danett,sdanett77@trellian.com,386 638 6318,6
261,Caddric,Hurdidge,churdidge78@nydailynews.com,219 324 4439,91
262,Coralyn,McHenry,cmchenry79@de.vu,211 337 8085,4
263,Melodie,Chatelain,mchatelain7a@shop-pro.jp,428 978 7284,10
264,Klarika,Pote,kpote7b@netvibes.com,102 672 0588,78
265,Orville,Hummerston,ohummerston7c@instagram.com,730 276 3884,5
266,Les,Giametti,lgiametti7d@narod.ru,644 114 4519,83
267,Herbert,O'Lagen,holagen7e@php.net,335 791 4400,81
268,Erna,Kenner,ekenner7f@discuz.net,340 978 5086,132
269,Charmine,Kiernan,ckiernan7g@etsy.com,625 985 5311,34
270,Roxie,Capey,rcapey7h@flickr.com,101 472 5275,59
271,Jonah,Arenson,jarenson7i@goodreads.com,991 822 6490,107
272,Jermain,Lackie,jlackie7j@exblog.jp,183 634 2726,109
273,Ardith,Vasilyonok,avasilyonok7k@earthlink.net,398 492 6476,65
274,Gorden,Kall,gkall7l@deliciousdays.com,752 376 4396,105
275,Birgit,Lumbly,blumbly7m@oaic.gov.au,897 639 2549,32
276,Cleon,Eivers,ceivers7n@com.com,103 946 6699,17
277,Ailee,Beltzner,abeltzner7o@bloomberg.com,351 541 5294,16
278,Melinda,Stanfield,mstanfield7p@arstechnica.com,422 880 6558,121
279,Sherri,Pessold,spessold7q@boston.com,886 501 0690,11
280,Arlan,Zamora,azamora7r@1688.com,251 806 4032,130
281,Sidnee,Petrou,spetrou7s@topsy.com,412 655 6581,28
282,Gar,Monro,gmonro7t@imgur.com,978 258 1365,67
283,Earl,Schoroder,eschoroder7u@google.it,548 150 3161,61
284,Stephan,Bish,sbish7v@constantcontact.com,942 905 1275,8
285,Daisy,Scoffham,dscoffham7w@vkontakte.ru,342 765 4400,134
286,Temple,Cloughton,tcloughton7x@yahoo.co.jp,162 320 3008,82
287,Scottie,Gemson,sgemson7y@google.com,331 156 2544,55
288,Karry,Creeboe,kcreeboe7z@tinypic.com,949 926 4237,115
289,Caterina,Petchey,cpetchey80@theguardian.com,997 790 0598,42
290,Kimbra,O'Codihie,kocodihie81@gizmodo.com,800 478 1329,140
291,Tresa,O'Flannery,toflannery82@hud.gov,584 612 1377,31
292,El,Dunbleton,edunbleton83@imdb.com,924 552 1029,14
293,Marcille,Biasotti,mbiasotti84@nytimes.com,726 237 6814,70
294,Augustina,Younghusband,ayounghusband85@ameblo.jp,863 195 7568,51
295,Jennifer,Methringham,jmethringham86@constantcontact.com,424 258 0755,88
296,Dar,Bromet,dbromet87@addthis.com,352 811 0287,5
297,Mario,Barribal,mbarribal88@example.com,668 543 4683,96
298,Berky,Wheatley,bwheatley89@google.com.hk,124 828 8716,13
299,Ferdinande,Fehners,ffehners8a@ihg.com,579 360 9038,121
300,Joan,Severns,jseverns8b@clickbank.net,887 942 8097,102
301,Nikola,Jutson,njutson8c@t.co,827 438 2857,100
302,Zorina,Havenhand,zhavenhand8d@ycombinator.com,936 632 6257,17
303,Lief,Parradine,lparradine8e@booking.com,458 751 7350,16
304,Nani,Elwin,nelwin8f@prweb.com,300 149 7316,11
305,Zorina,Kempson,zkempson8g@newsvine.com,686 477 6799,93
306,Lawton,Trusse,ltrusse8h@ocn.ne.jp,359 169 8989,81
307,Yolande,Cavaney,ycavaney8i@live.com,616 794 9170,147
308,Caroljean,Schiell,cschiell8j@jalbum.net,161 201 8404,4
309,Joy,Spataro,jspataro8k@apple.com,992 470 5000,19
310,Cati,Cator,ccator8l@printfriendly.com,800 548 8364,102
311,Padget,Swigger,pswigger8m@va.gov,839 430 7427,10
312,Yorker,Barbosa,ybarbosa8n@reuters.com,866 861 0313,136
313,Hyatt,Stennet,hstennet8o@reddit.com,298 943 1246,140
314,Sheffie,Castiglione,scastiglione8p@altervista.org,818 676 7349,22
315,Dania,Hanrahan,dhanrahan8q@blogtalkradio.com,665 182 8065,8
316,Susanetta,Abrams,sabrams8r@yahoo.co.jp,916 860 3454,120
317,Jess,Jales,jjales8s@wikispaces.com,317 412 3869,142
318,Charmaine,Rizziello,crizziello8t@soundcloud.com,205 474 5957,137
319,Garvin,Fairnington,gfairnington8u@uol.com.br,352 767 9510,122
320,Artie,Kivlehan,akivlehan8v@dagondesign.com,383 890 8736,84
321,Rustin,Scheffel,rscheffel8w@cmu.edu,460 427 2227,139
322,Riannon,Molen,rmolen8x@mit.edu,174 335 8880,100
323,Nancy,Burles,nburles8y@t-online.de,607 323 3246,116
324,Gerik,Cisec,gcisec8z@qq.com,311 720 5452,16
325,Ranique,Fley,rfley90@acquirethisname.com,407 787 5485,5
326,Burch,Lowing,blowing91@mozilla.com,220 506 8359,100
327,Tandi,Burrass,tburrass92@huffingtonpost.com,762 274 7235,44
328,Micky,Andreolli,mandreolli93@i2i.jp,532 439 4923,68
329,Glen,Comelini,gcomelini94@weather.com,954 129 4922,105
330,Perri,Pietasch,ppietasch95@geocities.jp,330 848 1170,74
331,Budd,Cicetti,bcicetti96@bravesites.com,547 705 2335,7
332,Cory,Nursey,cnursey97@naver.com,361 841 1583,55
333,Whit,Riccardo,wriccardo98@theguardian.com,412 836 6382,129
334,Kalinda,Brace,kbrace99@va.gov,274 410 5830,63
335,Sully,Anders,sanders9a@wp.com,558 250 8455,63
336,Dennie,Klees,dklees9b@timesonline.co.uk,574 193 0548,84
337,Juan,Huge,jhuge9c@cdbaby.com,878 762 8195,145
338,Keeley,Neaves,kneaves9d@sitemeter.com,825 572 5294,25
339,Elia,Yantsurev,eyantsurev9e@google.de,317 200 8591,126
340,Margaret,Panner,mpanner9f@nhs.uk,450 610 7934,7
341,Blane,Haworth,bhaworth9g@cpanel.net,108 280 4155,61
342,Shelby,Croson,scroson9h@boston.com,892 684 4330,65
343,Henrie,Biernacki,hbiernacki9i@jalbum.net,130 831 7424,107
344,Darelle,Larvor,dlarvor9j@people.com.cn,346 528 2863,24
345,Donella,Tomek,dtomek9k@ox.ac.uk,148 313 3673,105
346,Artie,Tough,atough9l@prweb.com,898 482 1636,100
347,Adriano,Johannes,ajohannes9m@dedecms.com,870 130 6655,115
348,Melisandra,Aggio,maggio9n@elpais.com,510 976 6932,25
349,Johnath,Ripping,jripping9o@51.la,443 802 2178,110
350,Clive,Iglesia,ciglesia9p@apache.org,575 623 2313,65
351,Eadith,Pinel,epinel9q@dion.ne.jp,731 467 6765,7
352,Cassandre,Costi,ccosti9r@disqus.com,325 733 6797,26
353,Alexei,Compford,acompford9s@fc2.com,166 690 3687,62
354,Giusto,Jurges,gjurges9t@parallels.com,478 226 9168,93
355,Prue,Druhan,pdruhan9u@patch.com,162 194 3269,53
356,Kerry,Corston,kcorston9v@ibm.com,945 131 2849,51
357,Terrye,Winks,twinks9w@slideshare.net,907 193 7832,64
358,Rosita,Perritt,rperritt9x@so-net.ne.jp,604 894 4759,104
359,Nicoline,Jacobowicz,njacobowicz9y@google.de,868 334 7287,78
360,Olenka,Choak,ochoak9z@cyberchimps.com,480 245 9277,39
361,Kara,Cordingley,kcordingleya0@washington.edu,723 690 0854,146
362,Sonny,Deviney,sdevineya1@istockphoto.com,955 241 7793,47
363,Allegra,Shermore,ashermorea2@opensource.org,558 565 6087,19
364,Huberto,Dulson,hdulsona3@sciencedaily.com,598 581 3275,83
365,Darnall,Hardistry,dhardistrya4@geocities.com,956 794 0121,149
366,Barton,Dargavel,bdargavela5@house.gov,391 713 2119,90
367,Sampson,Anten,santena6@hugedomains.com,571 145 0835,39
368,Mitchell,Thrustle,mthrustlea7@shinystat.com,620 885 7539,59
369,Guinna,Lawn,glawna8@upenn.edu,619 249 2508,100
370,Kayle,Gilkes,kgilkesa9@boston.com,671 247 9817,110
371,Merissa,Whitlow,mwhitlowaa@pcworld.com,865 119 9548,94
372,Darelle,MacSwayde,dmacswaydeab@hp.com,441 501 5491,123
373,Netti,Dykins,ndykinsac@unesco.org,632 475 7444,45
374,Johnath,Calderonello,jcalderonelload@aboutads.info,943 498 4541,7
375,Osmund,Eustice,oeusticeae@mashable.com,870 656 4655,59
376,Korney,Seedhouse,kseedhouseaf@jiathis.com,115 266 5997,108
377,Stevy,Schottli,sschottliag@sciencedirect.com,681 755 6109,79
378,Gabrielle,Bartoloma,gbartolomaah@youku.com,377 723 0886,74
379,Odey,Loveday,olovedayai@cocolog-nifty.com,622 595 0229,85
380,Portie,Naisbet,pnaisbetaj@addthis.com,768 324 1926,25
381,Aurore,Bolmann,abolmannak@twitter.com,387 135 6528,149
382,Win,Gripton,wgriptonal@elpais.com,224 448 2629,77
383,Damien,Hansemann,dhansemannam@tumblr.com,635 356 2357,146
384,Alexandros,Balcon,abalconan@cbslocal.com,575 500 1750,1
385,Tracey,Julian,tjulianao@angelfire.com,262 371 5197,20
386,Cletus,Southern,csouthernap@angelfire.com,305 856 4245,109
387,Imelda,de Mullett,idemullettaq@usda.gov,652 302 4818,134
388,Raddy,Winspear,rwinspearar@vk.com,478 830 9308,136
389,Nedi,Roarty,nroartyas@prlog.org,768 480 3494,98
390,Rustin,Ghirardi,rghirardiat@accuweather.com,443 286 7116,67
391,Kahlil,Booy,kbooyau@goo.ne.jp,387 151 3728,85
392,Koren,Putterill,kputterillav@independent.co.uk,964 342 9620,136
393,Arvie,MacAlpine,amacalpineaw@booking.com,576 807 0358,95
394,Marco,Bayford,mbayfordax@opensource.org,292 745 7715,33
395,Bamby,McIlwaine,bmcilwaineay@yelp.com,764 686 4489,134
396,Jacob,Souster,jsousteraz@mapy.cz,575 407 4321,106
397,Townsend,Dunlop,tdunlopb0@ameblo.jp,576 173 4067,52
398,Anna-maria,Lethley,alethleyb1@harvard.edu,104 236 5537,17
399,Zackariah,Wagstaff,zwagstaffb2@free.fr,809 217 5357,84
400,Onofredo,Crenshaw,ocrenshawb3@multiply.com,470 955 6001,3
401,Bea,Theodore,btheodoreb4@intel.com,299 924 6041,6
402,Bernadina,Kaming,bkamingb5@pagesperso-orange.fr,400 207 6005,85
403,Hayyim,Maypole,hmaypoleb6@quantcast.com,872 118 2838,20
404,Krysta,Silkstone,ksilkstoneb7@mapy.cz,392 150 4561,123
405,Devin,Elphinston,delphinstonb8@unblog.fr,401 515 6499,78
406,Debee,Hannan,dhannanb9@nymag.com,484 751 9988,135
407,Dani,Posen,dposenba@seattletimes.com,120 292 1975,45
408,Glad,Findlow,gfindlowbb@princeton.edu,473 708 4743,59
409,Cordell,Smiths,csmithsbc@cmu.edu,660 960 6899,21
410,Noam,Dammarell,ndammarellbd@latimes.com,570 514 4228,136
411,Jan,Casale,jcasalebe@addthis.com,857 782 2071,47
412,Phylis,Drillingcourt,pdrillingcourtbf@cmu.edu,771 570 4927,18
413,Sutton,Darrel,sdarrelbg@stumbleupon.com,303 158 1912,70
414,Ulises,Nicolson,unicolsonbh@dmoz.org,929 526 4565,36
415,Oralee,Fellgatt,ofellgattbi@hp.com,357 244 1074,10
416,Haily,Coppo,hcoppobj@microsoft.com,838 703 7260,49
417,Dylan,Rehn,drehnbk@google.pl,226 643 2937,123
418,Brandice,Rosensaft,brosensaftbl@csmonitor.com,258 995 9634,93
419,Rouvin,Downes,rdownesbm@mapy.cz,635 953 1450,51
420,Eugene,Guye,eguyebn@friendfeed.com,961 841 0683,55
421,Jeanie,Gainforth,jgainforthbo@discovery.com,476 745 5411,11
422,Fanechka,Hargreave,fhargreavebp@va.gov,686 839 2122,112
423,Baron,Swalwell,bswalwellbq@go.com,536 949 6641,123
424,Tucky,Jendrusch,tjendruschbr@github.com,490 692 6039,72
425,Neil,Kilshaw,nkilshawbs@irs.gov,880 232 1825,110
426,Rodrigo,Hamp,rhampbt@globo.com,904 535 8506,35
427,Major,Winsor,mwinsorbu@sciencedirect.com,104 160 6421,50
428,Lian,Teasey,lteaseybv@meetup.com,883 380 5137,54
429,Carney,Burnitt,cburnittbw@php.net,624 984 8453,23
430,Gerome,Roblin,groblinbx@cornell.edu,861 965 3052,29
431,Wylma,Chettoe,wchettoeby@spiegel.de,802 858 2836,112
432,Sissie,Pennini,spenninibz@blogger.com,158 554 0478,56
433,Prinz,Edwardson,pedwardsonc0@mapy.cz,130 208 1558,3
434,Warde,Patshull,wpatshullc1@boston.com,511 854 5600,65
435,Penelopa,Arckoll,parckollc2@prnewswire.com,833 176 4075,77
436,Catie,Altimas,caltimasc3@simplemachines.org,259 651 6676,17
437,Creight,Pryke,cprykec4@wordpress.org,764 275 0950,108
438,Matteo,Rudloff,mrudloffc5@icio.us,752 207 5633,85
439,Sancho,MacLleese,smaclleesec6@hostgator.com,649 960 4430,14
440,Alisun,Wellington,awellingtonc7@parallels.com,952 444 9295,127
441,Terry,Giabuzzi,tgiabuzzic8@mlb.com,712 908 7561,122
442,Abraham,Ivanchikov,aivanchikovc9@yale.edu,761 305 8152,14
443,Godfree,Glading,ggladingca@vk.com,338 209 7198,143
444,Loreen,Kornilyev,lkornilyevcb@php.net,497 383 4319,90
445,Wanids,de Mendoza,wdemendozacc@ow.ly,680 406 0966,143
446,Eirena,Larcher,elarchercd@webs.com,290 205 5108,36
447,Christy,Pracy,cpracyce@guardian.co.uk,769 559 2105,108
448,Nomi,Moquin,nmoquincf@apache.org,820 652 2242,13
449,Kincaid,Petroff,kpetroffcg@microsoft.com,305 124 6957,139
450,Barbabas,Mell,bmellch@furl.net,286 704 0393,34
451,Brittne,Brugsma,bbrugsmaci@reddit.com,648 477 3208,65
452,Peter,Kelloch,pkellochcj@biglobe.ne.jp,822 754 5549,54
453,Stevy,Danelut,sdanelutck@marketwatch.com,713 689 6498,14
454,Marielle,Wyllt,mwylltcl@live.com,111 161 7780,115
455,Teresina,MacGuffie,tmacguffiecm@virginia.edu,601 744 7799,13
456,Cornelle,Ivashov,civashovcn@theglobeandmail.com,716 408 0101,59
457,Noak,Murgatroyd,nmurgatroydco@mayoclinic.com,442 591 2841,128
458,Dodi,Hoyes,dhoyescp@cdbaby.com,872 657 6090,108
459,Pepita,Sebrens,psebrenscq@hugedomains.com,532 399 0423,39
460,Stefano,Coleridge,scoleridgecr@techcrunch.com,476 425 8471,9
461,Riobard,Grishukov,rgrishukovcs@reddit.com,177 425 5524,102
462,Zaccaria,Ollin,zollinct@nyu.edu,130 866 1054,124
463,Benedict,Rodrigo,brodrigocu@behance.net,515 496 0786,18
464,Berti,Traut,btrautcv@xing.com,148 433 5262,54
465,Gardiner,Prozillo,gprozillocw@xrea.com,173 278 6159,101
466,Ashien,Giraudoux,agiraudouxcx@zimbio.com,132 536 0204,99
467,Heather,Digle,hdiglecy@usa.gov,502 493 4181,75
468,Jewell,Hattam,jhattamcz@printfriendly.com,382 780 9823,45
469,Lizzy,Karolovsky,lkarolovskyd0@clickbank.net,610 122 8660,54
470,Beverlee,Carswell,bcarswelld1@noaa.gov,400 837 6893,122
471,Kort,Cozins,kcozinsd2@vistaprint.com,456 852 0521,13
472,Jazmin,Stoke,jstoked3@unicef.org,653 852 8436,38
473,Obidiah,Worcester,oworcesterd4@army.mil,876 281 6244,133
474,Meredith,Kennington,mkenningtond5@ow.ly,560 721 2986,74
475,Marcelle,Sturte,msturted6@engadget.com,307 171 1237,129
476,Jemimah,Dulin,jdulind7@zimbio.com,472 957 2026,22
477,Siffre,Sanbrook,ssanbrookd8@nih.gov,712 885 8645,18
478,Sheba,Archer,sarcherd9@buzzfeed.com,936 326 6517,5
479,Ezechiel,Lorincz,elorinczda@forbes.com,155 806 4732,60
480,Teodora,Rosborough,trosboroughdb@wp.com,390 345 2188,19
481,Anny,Aulton,aaultondc@ovh.net,252 526 0048,73
482,Enrico,Wride,ewridedd@netscape.com,612 170 5385,45
483,Almira,Duggen,aduggende@buzzfeed.com,809 943 7890,141
484,Julie,Gulc,jgulcdf@shinystat.com,737 969 2303,79
485,Abigale,Crummay,acrummaydg@vistaprint.com,978 193 8011,105
486,Cissiee,Peek,cpeekdh@xrea.com,659 202 0162,49
487,Mimi,Calken,mcalkendi@ox.ac.uk,182 144 4023,33
488,Gill,M'Quharg,gmquhargdj@usgs.gov,443 540 9499,104
489,Cross,Gergolet,cgergoletdk@jiathis.com,968 999 5769,11
490,Augustina,Parradye,aparradyedl@cbc.ca,712 832 3913,64
491,Nial,Burch,nburchdm@businessinsider.com,570 274 2667,70
492,Jerry,Scurman,jscurmandn@npr.org,165 530 9680,149
493,Anjanette,Feander,afeanderdo@webs.com,741 162 7254,125
494,Erma,Van de Castele,evandecasteledp@usnews.com,582 859 8546,144
495,Dedra,Rosensaft,drosensaftdq@psu.edu,928 807 1762,119
496,Shena,Antuk,santukdr@xrea.com,174 843 1046,128
497,Berton,Babonau,bbabonauds@latimes.com,137 452 2893,94
498,Marijn,Mascall,mmascalldt@psu.edu,334 564 8645,11
499,Patrice,Mathew,pmathewdu@sciencedaily.com,997 925 1589,127
500,Corbin,Franchioni,cfranchionidv@sakura.ne.jp,970 102 3467,76
1,,,,,
2,,,,,
3,,,,,
4,,,,,
5,,,,,
6,,,,,
7,,,,,
8,,,,,
9,,,,,
10,,,,,
11,,,,,
12,,,,,
13,,,,,
14,,,,,
15,,,,,
16,,,,,
17,,,,,
18,,,,,
19,,,,,
20,,,,,
21,,,,,
22,,,,,
23,,,,,
24,,,,,
25,,,,,
26,,,,,
27,,,,,
28,,,,,
29,,,,,
30,,,,,
31,,,,,
32,,,,,
33,,,,,
34,,,,,
35,,,,,
36,,,,,
37,,,,,
38,,,,,
39,,,,,
40,,,,,
41,,,,,
42,,,,,
43,,,,,
44,,,,,
45,,,,,
46,,,,,
47,,,,,
48,,,,,
49,,,,,
50,,,,,
51,,,,,
52,,,,,
53,,,,,
54,,,,,
55,,,,,
56,,,,,
57,,,,,
58,,,,,
59,,,,,
60,,,,,
61,,,,,
62,,,,,
63,,,,,
64,,,,,
65,,,,,
66,,,,,
67,,,,,
68,,,,,
69,,,,,
70,,,,,
71,,,,,
72,,,,,
73,,,,,
74,,,,,
75,,,,,
76,,,,,
77,,,,,
78,,,,,
79,,,,,
80,,,,,
81,,,,,
82,,,,,
83,,,,,
84,,,,,
85,,,,,
86,,,,,
87,,,,,
88,,,,,
89,,,,,
90,,,,,
91,,,,,
92,,,,,
93,,,,,
94,,,,,
95,,,,,
96,,,,,
97,,,,,
98,,,,,
99,,,,,
100,,,,,
101,,,,,
102,,,,,
103,,,,,
104,,,,,
105,,,,,
106,,,,,
107,,,,,
108,,,,,
109,,,,,
110,,,,,
111,,,,,
112,,,,,
113,,,,,
114,,,,,
115,,,,,
116,,,,,
117,,,,,
118,,,,,
119,,,,,
120,,,,,
121,,,,,
122,,,,,
123,,,,,
124,,,,,
125,,,,,
126,,,,,
127,,,,,
128,,,,,
129,,,,,
130,,,,,
131,,,,,
132,,,,,
133,,,,,
134,,,,,
135,,,,,
136,,,,,
137,,,,,
138,,,,,
139,,,,,
140,,,,,
141,,,,,
142,,,,,
143,,,,,
144,,,,,
145,,,,,
146,,,,,
147,,,,,
148,,,,,
149,,,,,
150,,,,,
1,,,,,
2,,,,,
3,,,,,
4,,,,,
5,,,,,
6,,,,,
7,,,,,
8,,,,,
9,,,,,
10,,,,,
11,,,,,
12,,,,,
13,,,,,
14,,,,,
15,,,,,
16,,,,,
17,,,,,
18,,,,,
19,,,,,
20,,,,,
