id,f_name,l_name,email,phone
1,Yorgos,Holleran,yholleran0@wisc.edu,850 609 9024
2,Teriann,Wooderson,twooderson1@ucoz.com,674 824 1676
3,Sofia,Jollye,sjollye2@mapquest.com,594 214 4794
4,Meara,Dawley,mdawley3@oaic.gov.au,239 282 6328
5,Arleyne,Middlemist,amiddlemist4@psu.edu,346 523 7973
6,Eldin,Domeny,edomeny5@51.la,767 748 0314
7,Illa,Langworthy,ilangworthy6@google.co.uk,587 782 1373
8,Dalia,Folca,dfolca7@hexun.com,693 637 7310
9,Frannie,Pote,fpote8@wunderground.com,820 199 6778
10,Suzann,Edens,sedens9@typepad.com,412 469 1485
11,Margeaux,Tregenza,mtregenzaa@wikispaces.com,968 403 5333
12,Kellyann,Biaggiotti,kbiaggiottib@amazon.co.jp,434 328 4332
13,Lilllie,Andrys,landrysc@t.co,632 739 2438
14,Beulah,Vanni,bvannid@soundcloud.com,627 775 7448
15,Nat,Alpes,nalpese@comsenz.com,121 211 4478
16,Devi,Leemans,dleemansf@github.com,128 588 3712
17,Beale,Lattka,blattkag@tmall.com,550 757 8936
18,Liliane,Medcraft,lmedcrafth@gnu.org,216 999 9095
19,Laina,Gentner,lgentneri@51.la,814 296 7579
20,Bonnee,Kleisle,bkleislej@freewebs.com,727 951 0563
